{
  "CORE_ASPECT_RATIO": 0.8304618760234924,
  "CORE_MARGIN": 2,
  "CORE_UTILIZATION": 61,
  "CTS_CLUSTER_DIAMETER": 142,
  "CTS_CLUSTER_SIZE": 43,
  "PLACE_DENSITY_LB_ADDON": 0.02687825744421908,
  "_SDC_CLK_PERIOD": 14.573897394410093
}