{
  "CORE_ASPECT_RATIO": 0.8549318985108052,
  "CORE_MARGIN": 2,
  "CORE_UTILIZATION": 56,
  "CTS_CLUSTER_DIAMETER": 132,
  "CTS_CLUSTER_SIZE": 44,
  "PLACE_DENSITY_LB_ADDON": 0.18919841208325372,
  "_SDC_CLK_PERIOD": 6.840485147109378
}