{
  "CORE_ASPECT_RATIO": 1.1855444299839482,
  "CORE_MARGIN": 3,
  "CORE_UTILIZATION": 65,
  "CTS_CLUSTER_DIAMETER": 55,
  "CTS_CLUSTER_SIZE": 84,
  "PLACE_DENSITY_LB_ADDON": 0.16343723910113672,
  "_SDC_CLK_PERIOD": 8.68694261343368
}