{
  "CORE_ASPECT_RATIO": 0.9992994876486515,
  "CORE_MARGIN": 2,
  "CORE_UTILIZATION": 52,
  "CTS_CLUSTER_DIAMETER": 69,
  "CTS_CLUSTER_SIZE": 22,
  "PLACE_DENSITY_LB_ADDON": 0.09970414187072268,
  "_SDC_CLK_PERIOD": 5.255617297172234
}