{
  "CORE_ASPECT_RATIO": 1.1837008599744223,
  "CORE_MARGIN": 2,
  "CORE_UTILIZATION": 42,
  "CTS_CLUSTER_DIAMETER": 145,
  "CTS_CLUSTER_SIZE": 88,
  "PLACE_DENSITY_LB_ADDON": 0.151806103731969,
  "_SDC_CLK_PERIOD": 9.95692396049922
}