{
  "CORE_ASPECT_RATIO": 1.0682487711382256,
  "CORE_MARGIN": 2,
  "CORE_UTILIZATION": 61,
  "CTS_CLUSTER_DIAMETER": 64,
  "CTS_CLUSTER_SIZE": 83,
  "PLACE_DENSITY_LB_ADDON": 0.18857429823519478,
  "_SDC_CLK_PERIOD": 6.1252247959110235
}