{
  "CORE_ASPECT_RATIO": 1.1272903928125315,
  "CORE_MARGIN": 3,
  "CORE_UTILIZATION": 66,
  "CTS_CLUSTER_DIAMETER": 170,
  "CTS_CLUSTER_SIZE": 81,
  "PLACE_DENSITY_LB_ADDON": 0.05438582209534737,
  "_SDC_CLK_PERIOD": 13.559126252317437
}