{
  "CORE_ASPECT_RATIO": 1.0352577556313869,
  "CORE_MARGIN": 3,
  "CORE_UTILIZATION": 43,
  "CTS_CLUSTER_DIAMETER": 179,
  "CTS_CLUSTER_SIZE": 75,
  "PLACE_DENSITY_LB_ADDON": 0.11077117188315187,
  "_SDC_CLK_PERIOD": 12.226500506521788
}