{
  "CORE_ASPECT_RATIO": 1.1370053113743908,
  "CORE_MARGIN": 3,
  "CORE_UTILIZATION": 68,
  "CTS_CLUSTER_DIAMETER": 112,
  "CTS_CLUSTER_SIZE": 88,
  "PLACE_DENSITY_LB_ADDON": 0.025208135299014934,
  "_SDC_CLK_PERIOD": 12.1037966978019
}