{
  "CORE_ASPECT_RATIO": 0.8672208095974026,
  "CORE_MARGIN": 2,
  "CORE_UTILIZATION": 53,
  "CTS_CLUSTER_DIAMETER": 109,
  "CTS_CLUSTER_SIZE": 34,
  "PLACE_DENSITY_LB_ADDON": 0.031102122039987724,
  "_SDC_CLK_PERIOD": 14.108035395229763
}