{
  "CORE_ASPECT_RATIO": 0.927865743264556,
  "CORE_MARGIN": 4,
  "CORE_UTILIZATION": 70,
  "CTS_CLUSTER_DIAMETER": 147,
  "CTS_CLUSTER_SIZE": 73,
  "PLACE_DENSITY_LB_ADDON": 0.09764446839690209,
  "_SDC_CLK_PERIOD": 6.038346663117409
}