{
  "CORE_ASPECT_RATIO": 1.0656356267729672,
  "CORE_MARGIN": 3,
  "CORE_UTILIZATION": 45,
  "CTS_CLUSTER_DIAMETER": 75,
  "CTS_CLUSTER_SIZE": 40,
  "PLACE_DENSITY_LB_ADDON": 0.0919957654291105,
  "_SDC_CLK_PERIOD": 9.770995499631024
}