{
  "CORE_ASPECT_RATIO": 0.8493258244992941,
  "CORE_MARGIN": 3,
  "CORE_UTILIZATION": 59,
  "CTS_CLUSTER_DIAMETER": 168,
  "CTS_CLUSTER_SIZE": 47,
  "PLACE_DENSITY_LB_ADDON": 0.07820411286848893,
  "_SDC_CLK_PERIOD": 9.96462697106696
}