{
  "CORE_ASPECT_RATIO": 1.1291915416717528,
  "CORE_MARGIN": 3,
  "CORE_UTILIZATION": 43,
  "CTS_CLUSTER_DIAMETER": 118,
  "CTS_CLUSTER_SIZE": 24,
  "PLACE_DENSITY_LB_ADDON": 0.10566442012786866,
  "_SDC_CLK_PERIOD": 14.975133538246155
}