{
  "CORE_ASPECT_RATIO": 1.1561164278187548,
  "CORE_MARGIN": 2,
  "CORE_UTILIZATION": 43,
  "CTS_CLUSTER_DIAMETER": 106,
  "CTS_CLUSTER_SIZE": 72,
  "PLACE_DENSITY_LB_ADDON": 0.01486591634668586,
  "_SDC_CLK_PERIOD": 8.60599980897511
}