{
  "CORE_ASPECT_RATIO": 0.8065256475847227,
  "CORE_MARGIN": 3,
  "CORE_UTILIZATION": 62,
  "CTS_CLUSTER_DIAMETER": 156,
  "CTS_CLUSTER_SIZE": 73,
  "PLACE_DENSITY_LB_ADDON": 0.1814127140526129,
  "_SDC_CLK_PERIOD": 7.936054056731029
}