{
    "_SDC_CLK_PERIOD": 14.975133538246155,
    "CORE_UTILIZATION": 43,
    "CORE_ASPECT_RATIO": 1.1291915416717528,
    "CORE_MARGIN": 3,
    "PLACE_DENSITY_LB_ADDON": 0.10566442012786866,
    "CTS_CLUSTER_SIZE": 24,
    "CTS_CLUSTER_DIAMETER": 118,
    "best_result": 571.9849999999999
}