{
    "_SDC_CLK_PERIOD": 6.038346663117409,
    "CORE_UTILIZATION": 70,
    "CORE_ASPECT_RATIO": 0.927865743264556,
    "CORE_MARGIN": 4,
    "PLACE_DENSITY_LB_ADDON": 0.09764446839690209,
    "CTS_CLUSTER_SIZE": 73,
    "CTS_CLUSTER_DIAMETER": 147,
    "best_result": 410.83
}