{
    "_SDC_CLK_PERIOD": 5.255617297172234,
    "CORE_UTILIZATION": 52,
    "CORE_ASPECT_RATIO": 0.9992994876486515,
    "CORE_MARGIN": 2,
    "PLACE_DENSITY_LB_ADDON": 0.09970414187072268,
    "CTS_CLUSTER_SIZE": 22,
    "CTS_CLUSTER_DIAMETER": 69,
    "best_result": 379.802
}