{
  "CORE_ASPECT_RATIO": 1.0095376869796202,
  "CORE_MARGIN": 3,
  "CORE_UTILIZATION": 41,
  "CTS_CLUSTER_DIAMETER": 113,
  "CTS_CLUSTER_SIZE": 77,
  "PLACE_DENSITY_LB_ADDON": 0.18702133420619432,
  "_SDC_CLK_PERIOD": 5.19024173508207
}