{
  "CORE_ASPECT_RATIO": 0.869480881182283,
  "CORE_MARGIN": 3,
  "CORE_UTILIZATION": 48,
  "CTS_CLUSTER_DIAMETER": 87,
  "CTS_CLUSTER_SIZE": 57,
  "PLACE_DENSITY_LB_ADDON": 0.004647058175098873,
  "_SDC_CLK_PERIOD": 9.05536069910806
}