{
  "CORE_ASPECT_RATIO": 1.0289181470870972,
  "CORE_MARGIN": 2,
  "CORE_UTILIZATION": 48,
  "CTS_CLUSTER_DIAMETER": 60,
  "CTS_CLUSTER_SIZE": 85,
  "PLACE_DENSITY_LB_ADDON": 0.04377948604524136,
  "_SDC_CLK_PERIOD": 9.81970727443695
}