{
  "CORE_ASPECT_RATIO": 1.0015523082343716,
  "CORE_MARGIN": 3,
  "CORE_UTILIZATION": 43,
  "CTS_CLUSTER_DIAMETER": 167,
  "CTS_CLUSTER_SIZE": 91,
  "PLACE_DENSITY_LB_ADDON": 0.05849402425181552,
  "_SDC_CLK_PERIOD": 13.317474168879187
}