{
  "CORE_ASPECT_RATIO": 1.1897240975574075,
  "CORE_MARGIN": 3,
  "CORE_UTILIZATION": 49,
  "CTS_CLUSTER_DIAMETER": 135,
  "CTS_CLUSTER_SIZE": 35,
  "PLACE_DENSITY_LB_ADDON": 0.10110445823331954,
  "_SDC_CLK_PERIOD": 11.367797161862818
}