{
  "CORE_ASPECT_RATIO": 1.0888801051992691,
  "CORE_MARGIN": 3,
  "CORE_UTILIZATION": 45,
  "CTS_CLUSTER_DIAMETER": 185,
  "CTS_CLUSTER_SIZE": 51,
  "PLACE_DENSITY_LB_ADDON": 0.008386958527423927,
  "_SDC_CLK_PERIOD": 9.136364014362123
}