{
  "CORE_ASPECT_RATIO": 0.811273596665695,
  "CORE_MARGIN": 2,
  "CORE_UTILIZATION": 42,
  "CTS_CLUSTER_DIAMETER": 82,
  "CTS_CLUSTER_SIZE": 98,
  "PLACE_DENSITY_LB_ADDON": 0.1476975955440217,
  "_SDC_CLK_PERIOD": 7.704152618664777
}